USE NODO;

-- ADMINISTRADORES
INSERT INTO Usuarios (email, n_documento, nombre, genero, telefono, contrasenia, rol, area_principal, area_alternativa) VALUES
('carlos.perez@eafit.edu.co', '1023456789', 'Carlos Pérez', 'M', '3101234567', 'adminpass1', 'Administrador', NULL, NULL),
('laura.gomez@eafit.edu.co', '1023456790', 'Laura Gómez', 'F', '3101234568', 'adminpass2', 'Administrador', NULL, NULL),
('roberto.jimenez@eafit.edu.co', '1023456791', 'Roberto Jiménez', 'M', '3101234588', 'adminpass3', 'Administrador', NULL, NULL),
('claudia.restrepo@eafit.edu.co', '1023456792', 'Claudia Restrepo', 'F', '3101234589', 'adminpass4', 'Administrador', NULL, NULL);


-- PROFESORES
INSERT INTO Usuarios (email, n_documento, nombre, genero, telefono, contrasenia, rol, area_principal, area_alternativa) VALUES
('juan.morales@eafit.edu.co', '1034567890', 'Juan Morales', 'M', '3101234569', 'profpass1', 'Profesor', 'Matemáticas', 'Física'),
('ana.torres@eafit.edu.co', '1034567891', 'Ana Torres', 'F', '3101234570', 'profpass2', 'Profesor', 'Informática', NULL),
('pedro.lopez@eafit.edu.co', '1034567892', 'Pedro López', 'M', '3101234571', 'profpass3', 'Profesor', 'Historia', 'Geografía'),
('cecilia.ramirez@eafit.edu.co', '1034567893', 'Cecilia Ramírez', 'F', '3101234590', 'profpass4', 'Profesor', 'Física', 'Matemáticas'),
('raul.echeverri@eafit.edu.co', '1034567894', 'Raúl Echeverri', 'M', '3101234591', 'profpass5', 'Profesor', 'Informática', 'Estadística'),
('sandra.medina@eafit.edu.co', '1034567895', 'Sandra Medina', 'F', '3101234592', 'profpass6', 'Profesor', 'Biología', 'Química'),
('diego.salazar@eafit.edu.co', '1034567896', 'Diego Salazar', 'M', '3101234603', 'profpass7', 'Profesor', 'Química', 'Biología'),
('mariana.vega@eafit.edu.co', '1034567897', 'Mariana Vega', 'F', '3101234604', 'profpass8', 'Profesor', 'Literatura', 'Historia'),
('esteban.castano@eafit.edu.co', '1034567898', 'Esteban Castaño', 'M', '3101234605', 'profpass9', 'Profesor', 'Estadística', 'Matemáticas'),
('clara.restrepo@eafit.edu.co', '1034567899', 'Clara Restrepo', 'F', '3101234606', 'profpass10', 'Profesor', 'Geografía', NULL),
('luisa.fernandez@eafit.edu.co', '1034567900', 'Luisa Fernández', 'F', '3101234610', 'profpass11', 'Profesor', 'Matemáticas', 'Estadística'),
('carlos.gomez@eafit.edu.co', '1034567901', 'Carlos Gómez', 'M', '3101234611', 'profpass12', 'Profesor', 'Informática', 'Inteligencia Artificial'),
('elena.vargas@eafit.edu.co', '1034567902', 'Elena Vargas', 'F', '3101234612', 'profpass13', 'Profesor', 'Química', 'Bioquímica'),
('gabriel.ruiz@eafit.edu.co', '1034567903', 'Gabriel Ruiz', 'M', '3101234613', 'profpass14', 'Profesor', 'Historia', 'Antropología'),
('isabela.diaz@eafit.edu.co', '1034567904', 'Isabela Díaz', 'F', '3101234614', 'profpass15', 'Profesor', 'Física', 'Matemáticas'),
('martin.lopez@eafit.edu.co', '1034567905', 'Martín López', 'M', '3101234615', 'profpass16', 'Profesor', 'Biología', NULL),
('natalia.perez@eafit.edu.co', '1034567906', 'Natalia Pérez', 'F', '3101234616', 'profpass17', 'Profesor', 'Literatura', 'Filosofía'),
('pablo.torres@eafit.edu.co', '1034567907', 'Pablo Torres', 'M', '3101234617', 'profpass18', 'Profesor', 'Estadística', 'Informática'),
('valentina.ortiz@eafit.edu.co', '1034567908', 'Valentina Ortiz', 'F', '3101234618', 'profpass19', 'Profesor', 'Geografía', 'Historia'),
('santiago.ramirez@eafit.edu.co', '1034567909', 'Santiago Ramírez', 'M', '3101234619', 'profpass20', 'Profesor', 'Informática', 'Ciberseguridad'),
('claudia.morales@eafit.edu.co', '1034567910', 'Claudia Morales', 'F', '3101234620', 'profpass21', 'Profesor', 'Matemáticas', 'Física'),
('felipe.salazar@eafit.edu.co', '1034567911', 'Felipe Salazar', 'M', '3101234621', 'profpass22', 'Profesor', 'Química', NULL),
('sofia.castro@eafit.edu.co', '1034567912', 'Sofía Castro', 'F', '3101234622', 'profpass23', 'Profesor', 'Biología', 'Ecología'),
('andres.vega@eafit.edu.co', '1034567913', 'Andrés Vega', 'M', '3101234623', 'profpass24', 'Profesor', 'Historia', 'Sociología'),
('camila.montoya@eafit.edu.co', '1034567914', 'Camila Montoya', 'F', '3101234624', 'profpass25', 'Profesor', 'Física', 'Astronomía');


-- ESTUDIANTES
INSERT INTO Usuarios (email, n_documento, nombre, genero, telefono, contrasenia, rol, area_principal, area_alternativa) VALUES
('maria.rodriguez@eafit.edu.co', '1045678901', 'María Rodríguez', 'F', '3101234572', 'estpass1', 'Estudiante', NULL, NULL),
('jose.garcia@eafit.edu.co', '1045678902', 'José García', 'M', '3101234573', 'estpass2', 'Estudiante', NULL, NULL),
('lucia.martinez@eafit.edu.co', '1045678903', 'Lucía Martínez', 'F', '3101234574', 'estpass3', 'Estudiante', NULL, NULL),
('andres.lopez@eafit.edu.co', '1045678904', 'Andrés López', 'M', '3101234575', 'estpass4', 'Estudiante', NULL, NULL),
('sofia.hernandez@eafit.edu.co', '1045678905', 'Sofía Hernández', 'F', '3101234576', 'estpass5', 'Estudiante', NULL, NULL),
('diego.sanchez@eafit.edu.co', '1045678906', 'Diego Sánchez', 'M', '3101234577', 'estpass6', 'Estudiante', NULL, NULL),
('camila.diaz@eafit.edu.co', '1045678907', 'Camila Díaz', 'F', '3101234578', 'estpass7', 'Estudiante', NULL, NULL),
('javier.ruiz@eafit.edu.co', '1045678908', 'Javier Ruiz', 'M', '3101234579', 'estpass8', 'Estudiante', NULL, NULL),
('valeria.perez@eafit.edu.co', '1045678909', 'Valeria Pérez', 'F', '3101234580', 'estpass9', 'Estudiante', NULL, NULL),
('felipe.gomez@eafit.edu.co', '1045678910', 'Felipe Gómez', 'M', '3101234581', 'estpass10', 'Estudiante', NULL, NULL),
('isabela.torres@eafit.edu.co', '1045678911', 'Isabela Torres', 'F', '3101234582', 'estpass11', 'Estudiante', NULL, NULL),
('mateo.vargas@eafit.edu.co', '1045678912', 'Mateo Vargas', 'M', '3101234583', 'estpass12', 'Estudiante', NULL, NULL),
('paula.ramirez@eafit.edu.co', '1045678913', 'Paula Ramírez', 'F', '3101234584', 'estpass13', 'Estudiante', NULL, NULL),
('santiago.ortiz@eafit.edu.co', '1045678914', 'Santiago Ortiz', 'M', '3101234585', 'estpass14', 'Estudiante', NULL, NULL),
('daniela.castro@eafit.edu.co', '1045678915', 'Daniela Castro', 'F', '3101234586', 'estpass15', 'Estudiante', NULL, NULL),
('gabriel.montoya@eafit.edu.co', '1045678916', 'Gabriel Montoya', 'M', '3101234593', 'estpass16', 'Estudiante', NULL, NULL),
('elena.zapata@eafit.edu.co', '1045678917', 'Elena Zapata', 'F', '3101234594', 'estpass17', 'Estudiante', NULL, NULL),
('roberto.ospina@eafit.edu.co', '1045678918', 'Roberto Ospina', 'M', '3101234595', 'estpass18', 'Estudiante', NULL, NULL),
('carolina.mesa@eafit.edu.co', '1045678919', 'Carolina Mesa', 'F', '3101234596', 'estpass19', 'Estudiante', NULL, NULL),
('luis.jaramillo@eafit.edu.co', '1045678920', 'Luis Jaramillo', 'M', '3101234597', 'estpass20', 'Estudiante', NULL, NULL),
('ana.salazar@eafit.edu.co', '1045678921', 'Ana Salazar', 'F', '3101234598', 'estpass21', 'Estudiante', NULL, NULL),
('carlos.vega@eafit.edu.co', '1045678922', 'Carlos Vega', 'M', '3101234599', 'estpass22', 'Estudiante', NULL, NULL),
('laura.castano@eafit.edu.co', '1045678923', 'Laura Castaño', 'F', '3101234600', 'estpass23', 'Estudiante', NULL, NULL),
('pablo.restrepo@eafit.edu.co', '1045678924', 'Pablo Restrepo', 'M', '3101234601', 'estpass24', 'Estudiante', NULL, NULL),
('natalia.gomez@eafit.edu.co', '1045678925', 'Natalia Gómez', 'F', '3101234602', 'estpass25', 'Estudiante', NULL, NULL),
('juan.montoya@eafit.edu.co', '1045678926', 'Juan Montoya', 'M', '3101234603', 'estpass26', 'Estudiante', NULL, NULL),
('valentina.diaz@eafit.edu.co', '1045678927', 'Valentina Díaz', 'F', '3101234604', 'estpass27', 'Estudiante', NULL, NULL),
('david.ortiz@eafit.edu.co', '1045678928', 'David Ortiz', 'M', '3101234605', 'estpass28', 'Estudiante', NULL, NULL),
('mariana.perez@eafit.edu.co', '1045678929', 'Mariana Pérez', 'F', '3101234606', 'estpass29', 'Estudiante', NULL, NULL),
('simon.torres@eafit.edu.co', '1045678930', 'Simón Torres', 'M', '3101234607', 'estpass30', 'Estudiante', NULL, NULL),
('clara.fernandez@eafit.edu.co', '1045678931', 'Clara Fernández', 'F', '3101234608', 'estpass31', 'Estudiante', NULL, NULL),
('lucas.gomez@eafit.edu.co', '1045678932', 'Lucas Gómez', 'M', '3101234609', 'estpass32', 'Estudiante', NULL, NULL),
('marta.vargas@eafit.edu.co', '1045678933', 'Marta Vargas', 'F', '3101234610', 'estpass33', 'Estudiante', NULL, NULL),
('tomas.ruiz@eafit.edu.co', '1045678934', 'Tomás Ruiz', 'M', '3101234611', 'estpass34', 'Estudiante', NULL, NULL),
('emma.diaz@eafit.edu.co', '1045678935', 'Emma Díaz', 'F', '3101234612', 'estpass35', 'Estudiante', NULL, NULL),
('mateo.lopez@eafit.edu.co', '1045678936', 'Mateo López', 'M', '3101234613', 'estpass36', 'Estudiante', NULL, NULL),
('sofia.perez@eafit.edu.co', '1045678937', 'Sofía Pérez', 'F', '3101234614', 'estpass37', 'Estudiante', NULL, NULL),
('juan.torres@eafit.edu.co', '1045678938', 'Juan Torres', 'M', '3101234615', 'estpass38', 'Estudiante', NULL, NULL),
('valeria.ortiz@eafit.edu.co', '1045678939', 'Valeria Ortiz', 'F', '3101234616', 'estpass39', 'Estudiante', NULL, NULL),
('diego.ramirez@eafit.edu.co', '1045678940', 'Diego Ramírez', 'M', '3101234617', 'estpass40', 'Estudiante', NULL, NULL),
('laura.morales@eafit.edu.co', '1045678941', 'Laura Morales', 'F', '3101234618', 'estpass41', 'Estudiante', NULL, NULL),
('carlos.salazar@eafit.edu.co', '1045678942', 'Carlos Salazar', 'M', '3101234619', 'estpass42', 'Estudiante', NULL, NULL),
('ana.castro@eafit.edu.co', '1045678943', 'Ana Castro', 'F', '3101234620', 'estpass43', 'Estudiante', NULL, NULL),
('felipe.montoya@eafit.edu.co', '1045678944', 'Felipe Montoya', 'M', '3101234621', 'estpass44', 'Estudiante', NULL, NULL),
('camila.zapata@eafit.edu.co', '1045678945', 'Camila Zapata', 'F', '3101234622', 'estpass45', 'Estudiante', NULL, NULL),
('santiago.ospina@eafit.edu.co', '1045678946', 'Santiago Ospina', 'M', '3101234623', 'estpass46', 'Estudiante', NULL, NULL),
('isabela.mesa@eafit.edu.co', '1045678947', 'Isabela Mesa', 'F', '3101234624', 'estpass47', 'Estudiante', NULL, NULL),
('gabriel.jaramillo@eafit.edu.co', '1045678948', 'Gabriel Jaramillo', 'M', '3101234625', 'estpass48', 'Estudiante', NULL, NULL),
('natalia.fernandez@eafit.edu.co', '1045678949', 'Natalia Fernández', 'F', '3101234626', 'estpass49', 'Estudiante', NULL, NULL),
('andres.gomez@eafit.edu.co', '1045678950', 'Andrés Gómez', 'M', '3101234627', 'estpass50', 'Estudiante', NULL, NULL),
('juliana.martinez@eafit.edu.co', '1045678951', 'Juliana Martínez', 'F', '3101234628', 'estpass51', 'Estudiante', NULL, NULL),
('esteban.garcia@eafit.edu.co', '1045678952', 'Esteban García', 'M', '3101234629', 'estpass52', 'Estudiante', NULL, NULL),
('catalina.lopez@eafit.edu.co', '1045678953', 'Catalina López', 'F', '3101234630', 'estpass53', 'Estudiante', NULL, NULL),
('sebastian.ramirez@eafit.edu.co', '1045678954', 'Sebastián Ramírez', 'M', '3101234631', 'estpass54', 'Estudiante', NULL, NULL),
('valeria.montoya@eafit.edu.co', '1045678955', 'Valeria Montoya', 'F', '3101234632', 'estpass55', 'Estudiante', NULL, NULL),
('juan.hernandez@eafit.edu.co', '1045678956', 'Juan Hernández', 'M', '3101234633', 'estpass56', 'Estudiante', NULL, NULL),
('sofia.salazar@eafit.edu.co', '1045678957', 'Sofía Salazar', 'F', '3101234634', 'estpass57', 'Estudiante', NULL, NULL),
('mateo.castro@eafit.edu.co', '1045678958', 'Mateo Castro', 'M', '3101234635', 'estpass58', 'Estudiante', NULL, NULL),
('laura.vega@eafit.edu.co', '1045678959', 'Laura Vega', 'F', '3101234636', 'estpass59', 'Estudiante', NULL, NULL),
('diego.torres@eafit.edu.co', '1045678960', 'Diego Torres', 'M', '3101234637', 'estpass60', 'Estudiante', NULL, NULL);



-- CURSOS
INSERT INTO Curso (url, nombre, semestre, fecha_inicio, fecha_fin, categoria, anio, precio, id_profesor) VALUES
-- Semestre 2025-2
('http://eafit.edu.co/cursos/matematicas-basicas', 'Matemáticas Básicas', '2', '2025-07-01', '2025-12-15', 'Matemáticas', 2025, 500000.00, 21),
('http://eafit.edu.co/cursos/programacion-i', 'Programación I', '2', '2025-07-01', '2025-12-15', 'Informática', 2025, 600000.00, 22),
('http://eafit.edu.co/cursos/historia-universal', 'Historia Universal', '2', '2025-07-01', '2025-12-15', 'Humanidades', 2025, 450000.00, 23),
('http://eafit.edu.co/cursos/fisica-general', 'Física General', '2', '2025-07-01', '2025-12-15', 'Ciencias', 2025, 550000.00, 24),
('http://eafit.edu.co/cursos/base-de-datos', 'Base de Datos', '2', '2025-07-01', '2025-12-15', 'Informática', 2025, 650000.00, 25),
('http://eafit.edu.co/cursos/biologia-celular', 'Biología Celular', '2', '2025-07-01', '2025-12-15', 'Ciencias', 2025, 520000.00, 26),
('http://eafit.edu.co/cursos/algoritmos-avanzados', 'Algoritmos Avanzados', '2', '2025-07-01', '2025-12-15', 'Informática', 2025, 680000.00, 27),
('http://eafit.edu.co/cursos/fisica-cuantica', 'Física Cuántica', '2', '2025-07-01', '2025-12-15', 'Ciencias', 2025, 700000.00, 28),
('http://eafit.edu.co/cursos/calculo-multivariable', 'Cálculo Multivariable', '2', '2025-07-01', '2025-12-15', 'Matemáticas', 2025, 580000.00, 29),
('http://eafit.edu.co/cursos/redes-de-computadores', 'Redes de Computadores', '2', '2025-07-01', '2025-12-15', 'Informática', 2025, 630000.00, 30),
-- Semestre 2026-1
('http://eafit.edu.co/cursos/historia-de-america', 'Historia de América', '1', '2026-02-01', '2026-06-30', 'Humanidades', 2026, 450000.00, 31),
('http://eafit.edu.co/cursos/programacion-ii', 'Programación II', '1', '2026-02-01', '2026-06-30', 'Informática', 2026, 620000.00, 32),
('http://eafit.edu.co/cursos/quimica-organica', 'Química Orgánica', '1', '2026-02-01', '2026-06-30', 'Ciencias', 2026, 540000.00, 33),
('http://eafit.edu.co/cursos/literatura-clasica', 'Literatura Clásica', '1', '2026-02-01', '2026-06-30', 'Humanidades', 2026, 470000.00, 34),
('http://eafit.edu.co/cursos/estadistica-aplicada', 'Estadística Aplicada', '1', '2026-02-01', '2026-06-30', 'Matemáticas', 2026, 590000.00, 35),
('http://eafit.edu.co/cursos/geografia-fisica', 'Geografía Física', '1', '2026-02-01', '2026-06-30', 'Humanidades', 2026, 460000.00, 36),
('http://eafit.edu.co/cursos/inteligencia-artificial', 'Inteligencia Artificial', '1', '2026-02-01', '2026-06-30', 'Informática', 2026, 720000.00, 37),
('http://eafit.edu.co/cursos/bioquimica', 'Bioquímica', '1', '2026-02-01', '2026-06-30', 'Ciencias', 2026, 570000.00, 38),
('http://eafit.edu.co/cursos/calculo-diferencial', 'Cálculo Diferencial', '1', '2026-02-01', '2026-06-30', 'Matemáticas', 2026, 570000.00, 39),
('http://eafit.edu.co/cursos/sistemas-operativos', 'Sistemas Operativos', '1', '2026-02-01', '2026-06-30', 'Informática', 2026, 670000.00, 40),
-- Semestre 2026-2
('http://eafit.edu.co/cursos/quimica-inorganica', 'Química Inorgánica', '2', '2026-07-01', '2026-12-15', 'Ciencias', 2026, 550000.00, 41),
('http://eafit.edu.co/cursos/antropologia-cultural', 'Antropología Cultural', '2', '2026-07-01', '2026-12-15', 'Humanidades', 2026, 460000.00, 42),
('http://eafit.edu.co/cursos/mecanica-clasica', 'Mecánica Clásica', '2', '2026-07-01', '2026-12-15', 'Ciencias', 2026, 600000.00, 43),
('http://eafit.edu.co/cursos/ecologia', 'Ecología', '2', '2026-07-01', '2026-12-15', 'Ciencias', 2026, 530000.00, 44),
('http://eafit.edu.co/cursos/filosofia-moderna', 'Filosofía Moderna', '2', '2026-07-01', '2026-12-15', 'Humanidades', 2026, 470000.00, 45),
('http://eafit.edu.co/cursos/ingenieria-software', 'Ingeniería de Software', '2', '2026-07-01', '2026-12-15', 'Informática', 2026, 690000.00, 22),
('http://eafit.edu.co/cursos/algebra-lineal', 'Álgebra Lineal', '2', '2026-07-01', '2026-12-15', 'Matemáticas', 2026, 560000.00, 21),
('http://eafit.edu.co/cursos/sociologia-urbana', 'Sociología Urbana', '2', '2026-07-01', '2026-12-15', 'Humanidades', 2026, 480000.00, 23),
('http://eafit.edu.co/cursos/astrofisica', 'Astrofísica', '2', '2026-07-01', '2026-12-15', 'Ciencias', 2026, 710000.00, 24),
('http://eafit.edu.co/cursos/etica', 'Ética', '2', '2026-07-01', '2026-12-15', 'Humanidades', 2026, 450000.00, 45);



-- TAREAS ASGINADAS
INSERT INTO Tarea (id_curso, nombre, descripcion, fecha_limite, nombre_archivo, formato_archivo) VALUES
(1, 'Tarea 1.1', 'Ejercicios de álgebra básica', '2025-06-15', 'tarea1_1.pdf', 'pdf'),
(1, 'Tarea 1.2', 'Ejercicios de trigonometría', '2025-07-15', 'tarea1_2.pdf', 'pdf'),
(2, 'Tarea 2.1', 'Estructura de datos básica', '2025-06-15', 'tarea2_1.py', 'py'),
(2, 'Tarea 2.2', 'Algoritmos de ordenamiento', '2025-07-15', 'tarea2_2.py', 'py'),
(3, 'Tarea 3.1', 'Ensayo sobre Edad Media', '2025-07-01', 'tarea3_1.doc', 'doc'),
(3, 'Tarea 3.2', 'Análisis de la Revolución Francesa', '2025-08-01', 'tarea3_2.doc', 'doc'),
(4, 'Tarea 4.1', 'Problemas de cinemática', '2025-07-01', 'tarea4_1.pdf', 'pdf'),
(4, 'Tarea 4.2', 'Problemas de dinámica', '2025-08-01', 'tarea4_2.pdf', 'pdf'),
(5, 'Tarea 5.1', 'Diseño de base de datos', '2025-07-01', 'tarea5_1.sql', 'sql'),
(5, 'Tarea 5.2', 'Consultas avanzadas SQL', '2025-08-01', 'tarea5_2.sql', 'sql'),
(6, 'Tarea 6.1', 'Estructura celular', '2025-06-20', 'tarea6_1.pdf', 'pdf'),
(7, 'Tarea 7.1', 'Implementación de árboles', '2025-06-25', 'tarea7_1.py', 'py'),
(8, 'Tarea 8.1', 'Teoría cuántica básica', '2025-07-15', 'tarea8_1.pdf', 'pdf'),
(9, 'Tarea 9.1', 'Integración multivariable', '2025-07-20', 'tarea9_1.pdf', 'pdf'),
(10, 'Tarea 10.1', 'Configuración de redes', '2025-07-10', 'tarea10_1.pdf', 'pdf'),
(11, 'Tarea 11.1', 'Civilizaciones precolombinas', '2024-12-10', 'tarea11_1.doc', 'doc'),
(12, 'Tarea 12.1', 'Programación orientada a objetos', '2024-12-15', 'tarea12_1.py', 'py'),
(13, 'Tarea 13.1', 'Reacciones orgánicas', '2025-06-20', 'tarea13_1.pdf', 'pdf'),
(14, 'Tarea 14.1', 'Análisis de textos clásicos', '2025-07-10', 'tarea14_1.doc', 'doc'),
(15, 'Tarea 15.1', 'Análisis estadístico', '2025-06-20', 'tarea15_1.xlsx', 'xlsx'),
(16, 'Tarea 16.1', 'Estudio de ecosistemas', '2025-07-10', 'tarea16_1.pdf', 'pdf'),
(17, 'Tarea 17.1', 'Modelos de machine learning', '2025-06-25', 'tarea17_1.py', 'py'),
(18, 'Tarea 18.1', 'Metabolismo celular', '2025-07-15', 'tarea18_1.pdf', 'pdf'),
(19, 'Tarea 19.1', 'Derivadas parciales', '2025-06-20', 'tarea19_1.pdf', 'pdf'),
(20, 'Tarea 20.1', 'Gestión de procesos', '2025-07-10', 'tarea20_1.pdf', 'pdf'),
(21, 'Tarea 21.1', 'Propiedades de compuestos inorgánicos', '2025-06-20', 'tarea21_1.pdf', 'pdf'),
(22, 'Tarea 22.1', 'Estudio de culturas indígenas', '2025-07-10', 'tarea22_1.doc', 'doc'),
(23, 'Tarea 23.1', 'Problemas de dinámica clásica', '2025-06-20', 'tarea23_1.pdf', 'pdf'),
(24, 'Tarea 24.1', 'Análisis de ecosistemas locales', '2025-07-10', 'tarea24_1.pdf', 'pdf'),
(25, 'Tarea 25.1', 'Ensayo sobre empirismo', '2025-06-20', 'tarea25_1.doc', 'doc'),
(26, 'Tarea 26.1', 'Diagramas UML', '2025-06-20', 'tarea26_1.pdf', 'pdf'),
(27, 'Tarea 27.1', 'Matriz inversa', '2025-07-10', 'tarea27_1.pdf', 'pdf'),
(28, 'Tarea 28.1', 'Ensayo sobre urbanización', '2025-06-20', 'tarea28_1.doc', 'doc'),
(29, 'Tarea 29.1', 'Análisis de espectros estelares', '2025-07-10', 'tarea29_1.pdf', 'pdf'),
(30, 'Tarea 30.1', 'Dilemas éticos', '2025-06-20', 'tarea30_1.doc', 'doc');



-- MATERIALES SUBIDOS
INSERT INTO Material (id_curso, titulo, descripcion, formato_archivo, nombre_archivo) VALUES
(1, 'Notas Matemáticas 1', 'Conceptos básicos de álgebra', 'pdf', 'notas_mat1.pdf'),
(1, 'Ejercicios Básicos', 'Serie de ejercicios resueltos', 'pdf', 'ejercicios_mat.pdf'),
(2, 'Introducción a Python', 'Fundamentos del lenguaje Python', 'pdf', 'intro_python.pdf'),
(2, 'Ejemplos de Código', 'Ejemplos prácticos de programación', 'py', 'ejemplos_python.py'),
(3, 'Cronología Histórica', 'Línea de tiempo de eventos históricos', 'pdf', 'cronologia.pdf'),
(3, 'Mapas Históricos', 'Colección de mapas por periodos', 'pdf', 'mapas_hist.pdf'),
(4, 'Fórmulas Físicas', 'Compendio de fórmulas principales', 'pdf', 'formulas_fis.pdf'),
(4, 'Ejercicios Resueltos', 'Problemas con soluciones detalladas', 'pdf', 'ejercicios_fis.pdf'),
(5, 'Conceptos de BD', 'Fundamentos de bases de datos', 'pdf', 'conceptos_bd.pdf'),
(5, 'Ejemplos SQL', 'Ejemplos prácticos de consultas', 'sql', 'ejemplos_sql.sql'),
(6, 'Introducción a la Biología', 'Conceptos fundamentales', 'pdf', 'intro_bio.pdf'),
(7, 'Estructuras de Datos Avanzadas', 'Teoría y aplicaciones', 'pdf', 'estructuras_datos.pdf'),
(8, 'Principios de Física Cuántica', 'Fundamentos teóricos', 'pdf', 'quantum_phys.pdf'),
(9, 'Técnicas de Integración', 'Métodos avanzados', 'pdf', 'integracion.pdf'),
(10, 'Protocolos de Red', 'Estándares y configuraciones', 'pdf', 'protocolos.pdf'),
(11, 'Historia Colonial', 'Procesos de conquista y colonización', 'pdf', 'hist_colonial.pdf'),
(12, 'Patrones de Diseño', 'Patrones comunes en POO', 'pdf', 'design_patterns.pdf'),
(13, 'Reacciones Químicas', 'Principios de química orgánica', 'pdf', 'reacciones_quim.pdf'),
(14, 'Textos Clásicos', 'Selección de obras literarias', 'pdf', 'textos_clasicos.pdf'),
(15, 'Conceptos Estadísticos', 'Fundamentos de estadística', 'pdf', 'conceptos_estad.pdf'),
(16, 'Mapas Geográficos', 'Cartografía física', 'pdf', 'mapas_geo.pdf'),
(17, 'Introducción a IA', 'Conceptos básicos de inteligencia artificial', 'pdf', 'intro_ia.pdf'),
(18, 'Bioquímica Básica', 'Conceptos de bioquímica', 'pdf', 'bioquimica_basica.pdf'),
(19, 'Notas Cálculo Diferencial', 'Conceptos de derivadas', 'pdf', 'notas_calc_dif.pdf'),
(20, 'Introducción a Sistemas Operativos', 'Fundamentos de SO', 'pdf', 'intro_so.pdf'),
(21, 'Química Inorgánica Básica', 'Principios de compuestos inorgánicos', 'pdf', 'quim_inorg_basica.pdf'),
(22, 'Culturas Indígenas', 'Estudio de antropología cultural', 'pdf', 'culturas_indigenas.pdf'),
(23, 'Fórmulas Mecánica', 'Principios de mecánica clásica', 'pdf', 'formulas_mecanica.pdf'),
(24, 'Ecología Básica', 'Conceptos de ecosistemas', 'pdf', 'ecologia_basica.pdf'),
(25, 'Textos Filosóficos', 'Selección de obras modernas', 'pdf', 'textos_filosofia.pdf'),
(26, 'Metodologías Ágiles', 'Principios de desarrollo ágil', 'pdf', 'metodologias_agiles.pdf'),
(27, 'Sistemas de Ecuaciones', 'Resolución de matrices', 'pdf', 'sistemas_ecuaciones.pdf'),
(28, 'Dinámicas Urbanas', 'Análisis de urbanización', 'pdf', 'dinamicas_urbanas.pdf'),
(29, 'Fundamentos de Astrofísica', 'Conceptos básicos de astros', 'pdf', 'fund_astrofisica.pdf'),
(30, 'Textos Éticos', 'Dilemas y teorías éticas', 'pdf', 'textos_eticos.pdf');



-- FOROS CREADOS
INSERT INTO Foro (id_curso, nombre, descripcion, fecha_creacion, fecha_fin) VALUES
(1, 'Foro Matemáticas', 'Discusión sobre temas matemáticos', '2025-05-15', '2025-10-15'),
(2, 'Foro Programación', 'Dudas y consultas de programación', '2025-05-15', '2025-10-15'),
(3, 'Foro Historia', 'Debates históricos y análisis', '2025-06-01', '2025-11-01'),
(4, 'Foro Física', 'Conceptos físicos y experimentos', '2025-06-01', '2025-11-01'),
(5, 'Foro Bases de Datos', 'Diseño y consultas SQL', '2025-06-01', '2025-11-01'),
(6, 'Foro Biología', 'Discusión sobre temas biológicos', '2025-05-15', '2025-10-15'),
(7, 'Foro Algoritmos', 'Estrategias de resolución de problemas', '2025-05-15', '2025-10-15'),
(8, 'Foro Física Cuántica', 'Teorías y experimentos cuánticos', '2025-06-01', '2025-11-01'),
(9, 'Foro Cálculo', 'Dudas sobre integrales y derivadas', '2025-06-01', '2025-11-01'),
(10, 'Foro Redes', 'Configuración y solución de problemas', '2025-06-01', '2025-11-01'),
(11, 'Foro Historia Americana', 'Cultura e historia del continente', '2024-11-01', '2025-04-01'),
(12, 'Foro POO', 'Conceptos de programación orientada a objetos', '2024-11-01', '2025-04-01'),
(13, 'Foro Química Orgánica', 'Discusión sobre reacciones químicas', '2025-05-15', '2025-10-15'),
(14, 'Foro Literatura', 'Análisis de obras clásicas', '2025-06-01', '2025-11-01'),
(15, 'Foro Estadística', 'Consultas sobre análisis estadístico', '2025-05-15', '2025-10-15'),
(16, 'Foro Geografía', 'Temas de geografía física', '2025-06-01', '2025-11-01'),
(17, 'Foro IA', 'Discusión sobre inteligencia artificial', '2025-05-15', '2025-10-15'),
(18, 'Foro Bioquímica', 'Temas de bioquímica y metabolismo', '2025-06-01', '2025-11-01'),
(19, 'Foro Cálculo Diferencial', 'Dudas sobre derivadas', '2025-05-15', '2025-10-15'),
(20, 'Foro Sistemas Operativos', 'Discusión sobre SO', '2025-06-01', '2025-11-01'),
(21, 'Foro Química Inorgánica', 'Temas de química inorgánica', '2025-05-15', '2025-10-15'),
(22, 'Foro Antropología', 'Debates sobre culturas', '2025-06-01', '2025-11-01'),
(23, 'Foro Mecánica Clásica', 'Conceptos de dinámica', '2025-05-15', '2025-10-15'),
(24, 'Foro Ecología', 'Temas de ecosistemas', '2025-06-01', '2025-11-01'),
(25, 'Foro Filosofía', 'Discusión sobre filosofía moderna', '2025-05-15', '2025-10-15'),
(26, 'Foro Ingeniería Software', 'Metodologías y prácticas', '2025-05-15', '2025-10-15'),
(27, 'Foro Álgebra Lineal', 'Discusión sobre matrices', '2025-06-01', '2025-11-01'),
(28, 'Foro Sociología', 'Análisis de dinámicas urbanas', '2025-05-15', '2025-10-15'),
(29, 'Foro Astrofísica', 'Temas de astros y cosmos', '2025-06-01', '2025-11-01'),
(30, 'Foro Ética', 'Debates sobre dilemas éticos', '2025-05-15', '2025-10-15');



-- MENSAJES Y RESPUESTAS ENVIADAS
INSERT INTO Mensaje (id_foro, nombre, descripcion, id_usuario, tipo_usuario, id_replica) VALUES
(1, 'Duda sobre logaritmos', 'No entiendo cómo resolver ecuaciones logarítmicas', 46, 'Estudiante', NULL),
(1, 'Respuesta: logaritmos', 'Primero aísla el logaritmo...', 21, 'Profesor', 1),
(2, 'Error en mi código', 'Problema con bucle for', 47, 'Estudiante', NULL),
(2, 'Solución al error', 'Revisa el índice del bucle', 22, 'Profesor', 3),
(3, 'Revolución Francesa', '¿Cuáles fueron las causas?', 48, 'Estudiante', NULL),
(3, 'Respuesta: causas', 'Crisis económica y desigualdad', 23, 'Profesor', 5),
(4, 'Movimiento parabólico', '¿Cómo calculo el alcance?', 49, 'Estudiante', NULL),
(4, 'Fórmula de alcance', 'Usa la fórmula del alcance máximo...', 24, 'Profesor', 7),
(5, 'Normalización', '¿3NF vs BCNF?', 50, 'Estudiante', NULL),
(5, 'Respuesta: normalización', 'BCNF elimina más anomalías', 25, 'Profesor', 9),
(6, 'Función mitocondrias', 'Explicación detallada', 51, 'Estudiante', NULL),
(6, 'Respuesta: mitocondrias', 'Centrales energéticas de la célula', 26, 'Profesor', 11),
(7, 'Complejidad QuickSort', '¿Por qué O(n log n)?', 52, 'Estudiante', NULL),
(7, 'Análisis complejidad', 'Naturaleza recursiva del algoritmo', 27, 'Profesor', 13),
(8, 'Principio incertidumbre', '¿Cómo afecta la medición?', 53, 'Estudiante', NULL),
(8, 'Explicación: incertidumbre', 'No se puede conocer con precisión...', 28, 'Profesor', 15),
(9, 'Integración por partes', '¿Cuándo aplicarla?', 54, 'Estudiante', NULL),
(9, 'Respuesta: integración', 'Cuando tienes producto de funciones', 29, 'Profesor', 17),
(10, 'Configuración router', '¿Cómo configuro NAT?', 55, 'Estudiante', NULL),
(10, 'Respuesta: NAT', 'Configura reglas en el router', 30, 'Profesor', 19),
(13, 'Esterificación', '¿Qué catalizadores se usan?', 56, 'Estudiante', NULL),
(13, 'Respuesta: esterificación', 'Ácido sulfúrico comúnmente', 33, 'Profesor', 21),
(14, 'Análisis Iliada', '¿Temas principales?', 57, 'Estudiante', NULL),
(14, 'Temas Iliada', 'Honor, destino y guerra', 34, 'Profesor', 23),
(15, 'Distribución normal', '¿Cálculo de probabilidad?', 58, 'Estudiante', NULL),
(15, 'Respuesta: distribución', 'Usa función de densidad', 35, 'Profesor', 25),
(16, 'Cambio climático', '¿Impacto en ecosistemas?', 59, 'Estudiante', NULL),
(16, 'Respuesta: ecosistemas', 'Afecta biodiversidad', 36, 'Profesor', 27),
(17, 'Overfitting', '¿Qué es el overfitting?', 60, 'Estudiante', NULL),
(17, 'Explicación: overfitting', 'Modelo se ajusta demasiado a datos', 37, 'Profesor', 29),
(18, 'Enzimas metabolismo', '¿Cómo funcionan?', 61, 'Estudiante', NULL),
(18, 'Respuesta: enzimas', 'Catalizadores biológicos', 38, 'Profesor', 31),
(19, 'Derivadas parciales', '¿Aplicación en optimización?', 62, 'Estudiante', NULL),
(20, 'Deadlock', '¿Qué es un deadlock?', 63, 'Estudiante', NULL),
(21, 'Compuestos inorgánicos', '¿Cuáles son comunes?', 64, 'Estudiante', NULL),
(22, 'Rol mujeres indígenas', '¿Qué rol jugaron?', 65, 'Estudiante', NULL),
(23, 'Ley de Newton', '¿Sistemas no inerciales?', 66, 'Estudiante', NULL),
(24, 'Biodiversidad', '¿Cómo medirla?', 67, 'Estudiante', NULL),
(25, 'Empirismo', '¿Críticas principales?', 68, 'Estudiante', NULL),
(26, 'Metodologías ágiles', '¿Ventajas de Scrum?', 69, 'Estudiante', NULL),
(27, 'Sistemas lineales', '¿Cómo resolver matrices?', 70, 'Estudiante', NULL),
(28, 'Urbanización', '¿Impacto social?', 71, 'Estudiante', NULL),
(29, 'Espectros estelares', '¿Cómo analizarlos?', 72, 'Estudiante', NULL),
(30, 'Dilemas éticos', '¿Cómo abordarlos?', 73, 'Estudiante', NULL);



-- ESTUDIANTES INSCRITOS A UN CURSO
INSERT INTO Pagos (id_estudiante, id_curso) VALUES
(46, 1), (46, 2), (47, 2), (47, 3), (48, 3), (48, 4), (49, 4), (49, 5), (50, 5), (50, 6),
(51, 6), (51, 7), (52, 7), (52, 8), (53, 8), (53, 9), (54, 9), (54, 10), (55, 10), (55, 11),
(56, 11), (56, 12), (57, 12), (57, 13), (58, 13), (58, 14), (59, 14), (59, 15), (60, 15), (60, 16),
(61, 16), (61, 17), (62, 17), (62, 18), (63, 18), (63, 19), (64, 19), (64, 20), (65, 20), (65, 21),
(66, 21), (66, 22), (67, 22), (67, 23), (68, 23), (68, 24), (69, 24), (69, 25), (70, 25), (70, 26),
(71, 26), (71, 27), (72, 27), (72, 28), (73, 28), (73, 29), (74, 29), (74, 30), (75, 30), (75, 1),
(76, 2), (76, 3), (77, 4), (77, 5), (78, 6), (78, 7), (79, 8), (79, 9), (80, 10), (80, 11);


-- INTERESES DE PROFESORES EN CURSOS
INSERT INTO interes_curso (id_profesor, id_curso) VALUES
(21, 2), (21, 5), (22, 1), (22, 4), (23, 1), (23, 4), (24, 1), (24, 9), (25, 2), (25, 4),
(26, 1), (26, 8), (27, 6), (27, 18), (28, 3), (28, 11), (29, 1), (29, 9), (30, 3), (30, 11),
(31, 15), (32, 17), (33, 6), (33, 18), (34, 3), (34, 11), (35, 4), (35, 8), (36, 6), (36, 24),
(37, 14), (37, 25), (38, 15), (38, 19), (39, 3), (39, 16), (40, 2), (40, 10), (41, 13), (41, 18),
(42, 11), (42, 14), (43, 8), (43, 23), (44, 6), (44, 24), (45, 14), (45, 25);


-- ENTREGA DE TAREAS
INSERT INTO Tarea_Entrega (id_tarea, id_curso, id_estudiante, nombre_archivo, formato_archivo, puntaje_obtenido) VALUES
(1, 1, 46, 'tarea1_1_maria_rodriguez.pdf', 'pdf', 4.50),
(1, 1, 48, 'tarea1_1_lucia_martinez.pdf', 'pdf', NULL),
(1, 1, 50, 'tarea1_1_diego_sanchez.pdf', 'pdf', 4.85),
(2, 1, 46, 'tarea1_2_maria_rodriguez.pdf', 'pdf', 4.20),
(3, 2, 47, 'tarea2_1_jose_garcia.py', 'py', 4.80),
(3, 2, 49, 'tarea2_1_camila_diaz.py', 'py', NULL),
(4, 2, 47, 'tarea2_2_jose_garcia.py', 'py', 4.90),
(5, 3, 48, 'tarea3_1_andres_lopez.doc', 'doc', 4.30),
(6, 3, 50, 'tarea3_2_sofia_hernandez.doc', 'doc', 4.60),
(7, 4, 49, 'tarea4_1_diego_sanchez.pdf', 'pdf', 4.70),
(8, 4, 51, 'tarea4_2_camila_diaz.pdf', 'pdf', NULL),
(9, 5, 50, 'tarea5_1_javier_ruiz.sql', 'sql', 4.90),
(10, 5, 52, 'tarea5_2_valeria_perez.sql', 'sql', 4.80),
(11, 6, 51, 'tarea6_1_felipe_gomez.pdf', 'pdf', 4.50),
(12, 7, 52, 'tarea7_1_isabela_torres.py', 'py', 4.95),
(13, 8, 53, 'tarea8_1_mateo_vargas.pdf', 'pdf', 4.60),
(14, 9, 54, 'tarea9_1_paula_ramirez.pdf', 'pdf', NULL),
(15, 10, 55, 'tarea10_1_santiago_ortiz.pdf', 'pdf', 4.85),
(16, 11, 56, 'tarea11_1_daniela_castro.doc', 'doc', 4.40),
(17, 12, 57, 'tarea12_1_gabriel_montoya.py', 'py', 4.90),
(18, 13, 58, 'tarea13_1_elena_zapata.pdf', 'pdf', 4.70),
(19, 14, 59, 'tarea14_1_roberto_ospina.doc', 'doc', 4.50),
(20, 15, 60, 'tarea15_1_carolina_mesa.xlsx', 'xlsx', 4.80),
(21, 16, 61, 'tarea16_1_luis_jaramillo.pdf', 'pdf', 4.60),
(22, 17, 62, 'tarea17_1_ana_salazar.py', 'py', 4.95),
(23, 18, 63, 'tarea18_1_carlos_vega.pdf', 'pdf', 4.70),
(24, 19, 64, 'tarea19_1_laura_castano.pdf', 'pdf', NULL),
(25, 20, 65, 'tarea20_1_pablo_restrepo.pdf', 'pdf', 4.85),
(26, 21, 66, 'tarea21_1_natalia_gomez.pdf', 'pdf', 4.60),
(27, 22, 67, 'tarea22_1_juan_montoya.doc', 'doc', 4.50),
(28, 23, 68, 'tarea23_1_valentina_diaz.pdf', 'pdf', 4.80),
(29, 24, 69, 'tarea24_1_david_ortiz.pdf', 'pdf', 4.70),
(30, 25, 70, 'tarea25_1_mariana_perez.doc', 'doc', 4.50),
(31, 26, 71, 'tarea26_1_simon_torres.pdf', 'pdf', 4.90),
(32, 27, 72, 'tarea27_1_clara_fernandez.pdf', 'pdf', NULL),
(33, 28, 73, 'tarea28_1_lucas_gomez.doc', 'doc', 4.60),
(34, 29, 74, 'tarea29_1_marta_vargas.pdf', 'pdf', 4.80),
(35, 30, 75, 'tarea30_1_tomas_ruiz.doc', 'doc', 4.50);